path,bytes
base/MNI152_T1_1mm.nii.gz,10963667
base/MNI_glassbrain_shell.nii.gz,229313
metadata/JHU_tract_manifest.csv,3860
metadata/README.txt,339
metadata/coarse_labels.tsv,2899
metadata/gyral_labels.tsv,11011
metadata/tract_roi_map.csv,15115
metadata/tract_roi_map.json,28081
segmentation/coarse/coarse_master.nii.gz,499587
segmentation/coarse/roi_masks/01_Left_Frontal.nii.gz,94678
segmentation/coarse/roi_masks/02_Right_Frontal.nii.gz,93291
segmentation/coarse/roi_masks/03_Left_Parietal.nii.gz,75479
segmentation/coarse/roi_masks/04_Right_Parietal.nii.gz,75957
segmentation/coarse/roi_masks/05_Left_Temporal.nii.gz,65226
segmentation/coarse/roi_masks/06_Right_Temporal.nii.gz,64732
segmentation/coarse/roi_masks/07_Left_Occipital.nii.gz,51218
segmentation/coarse/roi_masks/08_Right_Occipital.nii.gz,51447
segmentation/coarse/roi_masks/09_Left_Cingulate.nii.gz,40534
segmentation/coarse/roi_masks/10_Right_Cingulate.nii.gz,41010
segmentation/coarse/roi_masks/11_Left_Insula.nii.gz,37540
segmentation/coarse/roi_masks/12_Right_Insula.nii.gz,37750
segmentation/coarse/roi_masks/13_Left_BasalGanglia.nii.gz,37875
segmentation/coarse/roi_masks/14_Right_BasalGanglia.nii.gz,37755
segmentation/coarse/roi_masks/15_Left_Thalamus.nii.gz,34667
segmentation/coarse/roi_masks/16_Right_Thalamus.nii.gz,34588
segmentation/coarse/roi_masks/17_Left_Hippocampus_Amygdala.nii.gz,34444
segmentation/coarse/roi_masks/18_Right_Hippocampus_Amygdala.nii.gz,34479
segmentation/coarse/roi_masks/19_Brainstem.nii.gz,40901
segmentation/coarse/roi_masks/20_Left_Cerebellum.nii.gz,49460
segmentation/coarse/roi_masks/21_Right_Cerebellum.nii.gz,49171
segmentation/coarse/roi_masks/22_Corpus_Callosum.nii.gz,31658
segmentation/coarse/roi_masks/23_Left_Lateral_Ventricle.nii.gz,37312
segmentation/coarse/roi_masks/24_Right_Lateral_Ventricle.nii.gz,37438
segmentation/coarse/roi_masks/25_Midline_Ventricles.nii.gz,34635
segmentation/master/gyral_master.nii.gz,845887
segmentation/roi_masks/0002_Left-Cerebral-White-Matter.nii.gz,134623
segmentation/roi_masks/0004_Left-Lateral-Ventricle.nii.gz,36699
segmentation/roi_masks/0005_Left-Inf-Lat-Vent.nii.gz,32373
segmentation/roi_masks/0007_Left-Cerebellum-White-Matter.nii.gz,40945
segmentation/roi_masks/0008_Left-Cerebellum-Cortex.nii.gz,52893
segmentation/roi_masks/0010_Left-Thalamus.nii.gz,34667
segmentation/roi_masks/0011_Left-Caudate.nii.gz,34249
segmentation/roi_masks/0012_Left-Putamen.nii.gz,34806
segmentation/roi_masks/0013_Left-Pallidum.nii.gz,32751
segmentation/roi_masks/0014_3rd-Ventricle.nii.gz,32609
segmentation/roi_masks/0015_4th-Ventricle.nii.gz,33633
segmentation/roi_masks/0016_Brain-Stem.nii.gz,40901
segmentation/roi_masks/0017_Left-Hippocampus.nii.gz,33839
segmentation/roi_masks/0018_Left-Amygdala.nii.gz,32562
segmentation/roi_masks/0024_CSF.nii.gz,299636
segmentation/roi_masks/0026_Left-Accumbens-area.nii.gz,32178
segmentation/roi_masks/0028_Left-VentralDC.nii.gz,34137
segmentation/roi_masks/0041_Right-Cerebral-White-Matter.nii.gz,133802
segmentation/roi_masks/0043_Right-Lateral-Ventricle.nii.gz,36794
segmentation/roi_masks/0044_Right-Inf-Lat-Vent.nii.gz,32351
segmentation/roi_masks/0046_Right-Cerebellum-White-Matter.nii.gz,40682
segmentation/roi_masks/0047_Right-Cerebellum-Cortex.nii.gz,51659
segmentation/roi_masks/0049_Right-Thalamus.nii.gz,34588
segmentation/roi_masks/0050_Right-Caudate.nii.gz,34411
segmentation/roi_masks/0051_Right-Putamen.nii.gz,34709
segmentation/roi_masks/0052_Right-Pallidum.nii.gz,32708
segmentation/roi_masks/0053_Right-Hippocampus.nii.gz,33715
segmentation/roi_masks/0054_Right-Amygdala.nii.gz,32601
segmentation/roi_masks/0058_Right-Accumbens-area.nii.gz,32240
segmentation/roi_masks/0060_Right-VentralDC.nii.gz,34104
segmentation/roi_masks/1001_ctx-lh-bankssts.nii.gz,33098
segmentation/roi_masks/1002_ctx-lh-caudalanteriorcingulate.nii.gz,33482
segmentation/roi_masks/1003_ctx-lh-caudalmiddlefrontal.nii.gz,37439
segmentation/roi_masks/1005_ctx-lh-cuneus.nii.gz,34551
segmentation/roi_masks/1006_ctx-lh-entorhinal.nii.gz,33024
segmentation/roi_masks/1007_ctx-lh-fusiform.nii.gz,39219
segmentation/roi_masks/1008_ctx-lh-inferiorparietal.nii.gz,42936
segmentation/roi_masks/1009_ctx-lh-inferiortemporal.nii.gz,39693
segmentation/roi_masks/1010_ctx-lh-isthmuscingulate.nii.gz,33997
segmentation/roi_masks/1011_ctx-lh-lateraloccipital.nii.gz,41682
segmentation/roi_masks/1012_ctx-lh-lateralorbitofrontal.nii.gz,38041
segmentation/roi_masks/1013_ctx-lh-lingual.nii.gz,36929
segmentation/roi_masks/1014_ctx-lh-medialorbitofrontal.nii.gz,36504
segmentation/roi_masks/1015_ctx-lh-middletemporal.nii.gz,40072
segmentation/roi_masks/1016_ctx-lh-parahippocampal.nii.gz,33558
segmentation/roi_masks/1017_ctx-lh-paracentral.nii.gz,35412
segmentation/roi_masks/1018_ctx-lh-parsopercularis.nii.gz,35318
segmentation/roi_masks/1019_ctx-lh-parsorbitalis.nii.gz,33612
segmentation/roi_masks/1020_ctx-lh-parstriangularis.nii.gz,35469
segmentation/roi_masks/1021_ctx-lh-pericalcarine.nii.gz,33493
segmentation/roi_masks/1022_ctx-lh-postcentral.nii.gz,40887
segmentation/roi_masks/1023_ctx-lh-posteriorcingulate.nii.gz,34087
segmentation/roi_masks/1024_ctx-lh-precentral.nii.gz,42180
segmentation/roi_masks/1025_ctx-lh-precuneus.nii.gz,40425
segmentation/roi_masks/1026_ctx-lh-rostralanteriorcingulate.nii.gz,34032
segmentation/roi_masks/1027_ctx-lh-rostralmiddlefrontal.nii.gz,44260
segmentation/roi_masks/1028_ctx-lh-superiorfrontal.nii.gz,49282
segmentation/roi_masks/1029_ctx-lh-superiorparietal.nii.gz,42062
segmentation/roi_masks/1030_ctx-lh-superiortemporal.nii.gz,40051
segmentation/roi_masks/1031_ctx-lh-supramarginal.nii.gz,40611
segmentation/roi_masks/1032_ctx-lh-frontalpole.nii.gz,32660
segmentation/roi_masks/1033_ctx-lh-temporalpole.nii.gz,33587
segmentation/roi_masks/1034_ctx-lh-transversetemporal.nii.gz,32726
segmentation/roi_masks/1035_ctx-lh-insula.nii.gz,37540
segmentation/roi_masks/2001_ctx-rh-bankssts.nii.gz,33179
segmentation/roi_masks/2002_ctx-rh-caudalanteriorcingulate.nii.gz,33857
segmentation/roi_masks/2003_ctx-rh-caudalmiddlefrontal.nii.gz,37340
segmentation/roi_masks/2005_ctx-rh-cuneus.nii.gz,35242
segmentation/roi_masks/2006_ctx-rh-entorhinal.nii.gz,33002
segmentation/roi_masks/2007_ctx-rh-fusiform.nii.gz,38658
segmentation/roi_masks/2008_ctx-rh-inferiorparietal.nii.gz,44084
segmentation/roi_masks/2009_ctx-rh-inferiortemporal.nii.gz,39034
segmentation/roi_masks/2010_ctx-rh-isthmuscingulate.nii.gz,33903
segmentation/roi_masks/2011_ctx-rh-lateraloccipital.nii.gz,41285
segmentation/roi_masks/2012_ctx-rh-lateralorbitofrontal.nii.gz,37478
segmentation/roi_masks/2013_ctx-rh-lingual.nii.gz,37269
segmentation/roi_masks/2014_ctx-rh-medialorbitofrontal.nii.gz,36540
segmentation/roi_masks/2015_ctx-rh-middletemporal.nii.gz,40270
segmentation/roi_masks/2016_ctx-rh-parahippocampal.nii.gz,33516
segmentation/roi_masks/2017_ctx-rh-paracentral.nii.gz,35425
segmentation/roi_masks/2018_ctx-rh-parsopercularis.nii.gz,35104
segmentation/roi_masks/2019_ctx-rh-parsorbitalis.nii.gz,34009
segmentation/roi_masks/2020_ctx-rh-parstriangularis.nii.gz,34854
segmentation/roi_masks/2021_ctx-rh-pericalcarine.nii.gz,33692
segmentation/roi_masks/2022_ctx-rh-postcentral.nii.gz,39549
segmentation/roi_masks/2023_ctx-rh-posteriorcingulate.nii.gz,34514
segmentation/roi_masks/2024_ctx-rh-precentral.nii.gz,42702
segmentation/roi_masks/2025_ctx-rh-precuneus.nii.gz,41188
segmentation/roi_masks/2026_ctx-rh-rostralanteriorcingulate.nii.gz,33680
segmentation/roi_masks/2027_ctx-rh-rostralmiddlefrontal.nii.gz,42940
segmentation/roi_masks/2028_ctx-rh-superiorfrontal.nii.gz,48804
segmentation/roi_masks/2029_ctx-rh-superiorparietal.nii.gz,43261
segmentation/roi_masks/2030_ctx-rh-superiortemporal.nii.gz,39343
segmentation/roi_masks/2031_ctx-rh-supramarginal.nii.gz,39259
segmentation/roi_masks/2032_ctx-rh-frontalpole.nii.gz,32707
segmentation/roi_masks/2033_ctx-rh-temporalpole.nii.gz,34221
segmentation/roi_masks/2034_ctx-rh-transversetemporal.nii.gz,32547
segmentation/roi_masks/2035_ctx-rh-insula.nii.gz,37750
tracts/display3d/ATR_display3D_MNI.nii.gz,276294
tracts/display3d/CST_display3D_MNI.nii.gz,257011
tracts/display3d/Cingulum_cg_display3D_MNI.nii.gz,248417
tracts/display3d/Cingulum_hipp_display3D_MNI.nii.gz,236444
tracts/display3d/Forceps_major_display3D_MNI.nii.gz,251780
tracts/display3d/Forceps_minor_display3D_MNI.nii.gz,253510
tracts/display3d/IFOF_display3D_MNI.nii.gz,285165
tracts/display3d/ILF_display3D_MNI.nii.gz,278857
tracts/display3d/SLF_display3D_MNI.nii.gz,297033
tracts/display3d/SLF_display3D_plusOutline_MNI.nii.gz,671065
tracts/display3d/SLF_display3D_plusParc_MNI.nii.gz,829312
tracts/display3d/SLF_temporal_display3D_MNI.nii.gz,255957
tracts/display3d/Uncinate_display3D_MNI.nii.gz,251430
tracts/mask_thr5/ATR_L_thr5_MNI.nii.gz,60532
tracts/mask_thr5/ATR_R_thr5_MNI.nii.gz,54247
tracts/mask_thr5/CST_L_thr5_MNI.nii.gz,46386
tracts/mask_thr5/CST_R_thr5_MNI.nii.gz,46655
tracts/mask_thr5/Cingulum_cg_L_thr5_MNI.nii.gz,44064
tracts/mask_thr5/Cingulum_cg_R_thr5_MNI.nii.gz,39767
tracts/mask_thr5/Cingulum_hipp_L_thr5_MNI.nii.gz,35925
tracts/mask_thr5/Cingulum_hipp_R_thr5_MNI.nii.gz,35199
tracts/mask_thr5/Forceps_major_thr5_MNI.nii.gz,52540
tracts/mask_thr5/Forceps_minor_thr5_MNI.nii.gz,53489
tracts/mask_thr5/IFOF_L_thr5_MNI.nii.gz,59179
tracts/mask_thr5/IFOF_R_thr5_MNI.nii.gz,60571
tracts/mask_thr5/ILF_L_thr5_MNI.nii.gz,57639
tracts/mask_thr5/ILF_R_thr5_MNI.nii.gz,54628
tracts/mask_thr5/SLF_L_thr5_MNI.nii.gz,66139
tracts/mask_thr5/SLF_R_thr5_MNI.nii.gz,63356
tracts/mask_thr5/SLF_temporal_L_thr5_MNI.nii.gz,48466
tracts/mask_thr5/SLF_temporal_R_thr5_MNI.nii.gz,43165
tracts/mask_thr5/Uncinate_L_thr5_MNI.nii.gz,43899
tracts/mask_thr5/Uncinate_R_thr5_MNI.nii.gz,40123
tracts/prob/ATR_L_prob_MNI.nii.gz,272839
tracts/prob/ATR_R_prob_MNI.nii.gz,248325
tracts/prob/CST_L_prob_MNI.nii.gz,202183
tracts/prob/CST_R_prob_MNI.nii.gz,202545
tracts/prob/Cingulum_cg_L_prob_MNI.nii.gz,185459
tracts/prob/Cingulum_cg_R_prob_MNI.nii.gz,168332
tracts/prob/Cingulum_hipp_L_prob_MNI.nii.gz,150053
tracts/prob/Cingulum_hipp_R_prob_MNI.nii.gz,151263
tracts/prob/Forceps_major_prob_MNI.nii.gz,217990
tracts/prob/Forceps_minor_prob_MNI.nii.gz,248531
tracts/prob/IFOF_L_prob_MNI.nii.gz,265977
tracts/prob/IFOF_R_prob_MNI.nii.gz,265974
tracts/prob/ILF_L_prob_MNI.nii.gz,252351
tracts/prob/ILF_R_prob_MNI.nii.gz,239759
tracts/prob/SLF_L_prob_MNI.nii.gz,306040
tracts/prob/SLF_R_prob_MNI.nii.gz,282523
tracts/prob/SLF_temporal_L_prob_MNI.nii.gz,221326
tracts/prob/SLF_temporal_R_prob_MNI.nii.gz,187223
tracts/prob/Uncinate_L_prob_MNI.nii.gz,190706
tracts/prob/Uncinate_R_prob_MNI.nii.gz,166859
