label_id	name	mask_file	voxels	volume_mm3	volume_ml	rgb
2	Left-Cerebral-White-Matter	segmentation/roi_masks/0002_Left-Cerebral-White-Matter.nii.gz	290001	290001.0	290.001	245,245,245
4	Left-Lateral-Ventricle	segmentation/roi_masks/0004_Left-Lateral-Ventricle.nii.gz	10391	10391.0	10.391	120,18,134
5	Left-Inf-Lat-Vent	segmentation/roi_masks/0005_Left-Inf-Lat-Vent.nii.gz	681	681.0	0.681	196,58,250
7	Left-Cerebellum-White-Matter	segmentation/roi_masks/0007_Left-Cerebellum-White-Matter.nii.gz	21527	21527.0	21.527	220,248,164
8	Left-Cerebellum-Cortex	segmentation/roi_masks/0008_Left-Cerebellum-Cortex.nii.gz	67879	67879.0	67.879	230,148,34
10	Left-Thalamus	segmentation/roi_masks/0010_Left-Thalamus.nii.gz	9705	9705.0	9.705	0,118,14
11	Left-Caudate	segmentation/roi_masks/0011_Left-Caudate.nii.gz	5434	5434.0	5.434	122,186,220
12	Left-Putamen	segmentation/roi_masks/0012_Left-Putamen.nii.gz	7299	7299.0	7.299	236,13,176
13	Left-Pallidum	segmentation/roi_masks/0013_Left-Pallidum.nii.gz	2291	2291.0	2.291	12,48,255
14	3rd-Ventricle	segmentation/roi_masks/0014_3rd-Ventricle.nii.gz	1024	1024.0	1.024	204,182,142
15	4th-Ventricle	segmentation/roi_masks/0015_4th-Ventricle.nii.gz	2900	2900.0	2.9	42,204,164
16	Brain-Stem	segmentation/roi_masks/0016_Brain-Stem.nii.gz	27586	27586.0	27.586	119,159,176
17	Left-Hippocampus	segmentation/roi_masks/0017_Left-Hippocampus.nii.gz	5548	5548.0	5.548	220,216,20
18	Left-Amygdala	segmentation/roi_masks/0018_Left-Amygdala.nii.gz	2280	2280.0	2.28	103,255,255
24	CSF	segmentation/roi_masks/0024_CSF.nii.gz	401981	401981.0	401.981	60,60,60
26	Left-Accumbens-area	segmentation/roi_masks/0026_Left-Accumbens-area.nii.gz	837	837.0	0.837	255,165,0
28	Left-VentralDC	segmentation/roi_masks/0028_Left-VentralDC.nii.gz	5525	5525.0	5.525	145,42,42
41	Right-Cerebral-White-Matter	segmentation/roi_masks/0041_Right-Cerebral-White-Matter.nii.gz	288692	288692.0	288.692	245,245,245
43	Right-Lateral-Ventricle	segmentation/roi_masks/0043_Right-Lateral-Ventricle.nii.gz	10230	10230.0	10.23	120,18,134
44	Right-Inf-Lat-Vent	segmentation/roi_masks/0044_Right-Inf-Lat-Vent.nii.gz	758	758.0	0.758	196,58,250
46	Right-Cerebellum-White-Matter	segmentation/roi_masks/0046_Right-Cerebellum-White-Matter.nii.gz	20834	20834.0	20.834	220,248,164
47	Right-Cerebellum-Cortex	segmentation/roi_masks/0047_Right-Cerebellum-Cortex.nii.gz	65798	65798.0	65.798	230,148,34
49	Right-Thalamus	segmentation/roi_masks/0049_Right-Thalamus.nii.gz	9368	9368.0	9.368	0,118,14
50	Right-Caudate	segmentation/roi_masks/0050_Right-Caudate.nii.gz	5450	5450.0	5.45	122,186,220
51	Right-Putamen	segmentation/roi_masks/0051_Right-Putamen.nii.gz	6948	6948.0	6.948	236,13,176
52	Right-Pallidum	segmentation/roi_masks/0052_Right-Pallidum.nii.gz	2291	2291.0	2.291	13,48,255
53	Right-Hippocampus	segmentation/roi_masks/0053_Right-Hippocampus.nii.gz	5396	5396.0	5.396	220,216,20
54	Right-Amygdala	segmentation/roi_masks/0054_Right-Amygdala.nii.gz	2137	2137.0	2.137	103,255,255
58	Right-Accumbens-area	segmentation/roi_masks/0058_Right-Accumbens-area.nii.gz	855	855.0	0.855	255,165,0
60	Right-VentralDC	segmentation/roi_masks/0060_Right-VentralDC.nii.gz	5537	5537.0	5.537	165,42,42
1001	ctx-lh-bankssts	segmentation/roi_masks/1001_ctx-lh-bankssts.nii.gz	2748	2748.0	2.748	25,100,40
1002	ctx-lh-caudalanteriorcingulate	segmentation/roi_masks/1002_ctx-lh-caudalanteriorcingulate.nii.gz	2564	2564.0	2.564	125,100,160
1003	ctx-lh-caudalmiddlefrontal	segmentation/roi_masks/1003_ctx-lh-caudalmiddlefrontal.nii.gz	9602	9602.0	9.602	100,25,0
1005	ctx-lh-cuneus	segmentation/roi_masks/1005_ctx-lh-cuneus.nii.gz	3108	3108.0	3.108	220,20,100
1006	ctx-lh-entorhinal	segmentation/roi_masks/1006_ctx-lh-entorhinal.nii.gz	2309	2309.0	2.309	220,20,10
1007	ctx-lh-fusiform	segmentation/roi_masks/1007_ctx-lh-fusiform.nii.gz	13889	13889.0	13.889	180,220,140
1008	ctx-lh-inferiorparietal	segmentation/roi_masks/1008_ctx-lh-inferiorparietal.nii.gz	18351	18351.0	18.351	220,60,220
1009	ctx-lh-inferiortemporal	segmentation/roi_masks/1009_ctx-lh-inferiortemporal.nii.gz	15391	15391.0	15.391	180,40,120
1010	ctx-lh-isthmuscingulate	segmentation/roi_masks/1010_ctx-lh-isthmuscingulate.nii.gz	3481	3481.0	3.481	140,20,140
1011	ctx-lh-lateraloccipital	segmentation/roi_masks/1011_ctx-lh-lateraloccipital.nii.gz	18832	18832.0	18.832	20,30,140
1012	ctx-lh-lateralorbitofrontal	segmentation/roi_masks/1012_ctx-lh-lateralorbitofrontal.nii.gz	11157	11157.0	11.157	35,75,50
1013	ctx-lh-lingual	segmentation/roi_masks/1013_ctx-lh-lingual.nii.gz	7666	7666.0	7.666	225,140,140
1014	ctx-lh-medialorbitofrontal	segmentation/roi_masks/1014_ctx-lh-medialorbitofrontal.nii.gz	7336	7336.0	7.336	200,35,75
1015	ctx-lh-middletemporal	segmentation/roi_masks/1015_ctx-lh-middletemporal.nii.gz	16670	16670.0	16.67	160,100,50
1016	ctx-lh-parahippocampal	segmentation/roi_masks/1016_ctx-lh-parahippocampal.nii.gz	2666	2666.0	2.666	20,220,60
1017	ctx-lh-paracentral	segmentation/roi_masks/1017_ctx-lh-paracentral.nii.gz	5138	5138.0	5.138	60,220,60
1018	ctx-lh-parsopercularis	segmentation/roi_masks/1018_ctx-lh-parsopercularis.nii.gz	6507	6507.0	6.507	220,180,140
1019	ctx-lh-parsorbitalis	segmentation/roi_masks/1019_ctx-lh-parsorbitalis.nii.gz	3273	3273.0	3.273	20,100,50
1020	ctx-lh-parstriangularis	segmentation/roi_masks/1020_ctx-lh-parstriangularis.nii.gz	5955	5955.0	5.955	220,60,20
1021	ctx-lh-pericalcarine	segmentation/roi_masks/1021_ctx-lh-pericalcarine.nii.gz	2611	2611.0	2.611	120,100,60
1022	ctx-lh-postcentral	segmentation/roi_masks/1022_ctx-lh-postcentral.nii.gz	13277	13277.0	13.277	220,20,20
1023	ctx-lh-posteriorcingulate	segmentation/roi_masks/1023_ctx-lh-posteriorcingulate.nii.gz	3966	3966.0	3.966	220,180,220
1024	ctx-lh-precentral	segmentation/roi_masks/1024_ctx-lh-precentral.nii.gz	17200	17200.0	17.2	60,20,220
1025	ctx-lh-precuneus	segmentation/roi_masks/1025_ctx-lh-precuneus.nii.gz	12781	12781.0	12.781	160,140,180
1026	ctx-lh-rostralanteriorcingulate	segmentation/roi_masks/1026_ctx-lh-rostralanteriorcingulate.nii.gz	3411	3411.0	3.411	80,20,140
1027	ctx-lh-rostralmiddlefrontal	segmentation/roi_masks/1027_ctx-lh-rostralmiddlefrontal.nii.gz	21336	21336.0	21.336	75,50,125
1028	ctx-lh-superiorfrontal	segmentation/roi_masks/1028_ctx-lh-superiorfrontal.nii.gz	29132	29132.0	29.132	20,220,160
1029	ctx-lh-superiorparietal	segmentation/roi_masks/1029_ctx-lh-superiorparietal.nii.gz	14797	14797.0	14.797	20,180,140
1030	ctx-lh-superiortemporal	segmentation/roi_masks/1030_ctx-lh-superiortemporal.nii.gz	16294	16294.0	16.294	140,220,220
1031	ctx-lh-supramarginal	segmentation/roi_masks/1031_ctx-lh-supramarginal.nii.gz	15624	15624.0	15.624	80,160,20
1032	ctx-lh-frontalpole	segmentation/roi_masks/1032_ctx-lh-frontalpole.nii.gz	1622	1622.0	1.622	100,0,100
1033	ctx-lh-temporalpole	segmentation/roi_masks/1033_ctx-lh-temporalpole.nii.gz	3688	3688.0	3.688	70,70,70
1034	ctx-lh-transversetemporal	segmentation/roi_masks/1034_ctx-lh-transversetemporal.nii.gz	1547	1547.0	1.547	150,150,200
1035	ctx-lh-insula	segmentation/roi_masks/1035_ctx-lh-insula.nii.gz	9307	9307.0	9.307	255,192,32
2001	ctx-rh-bankssts	segmentation/roi_masks/2001_ctx-rh-bankssts.nii.gz	2969	2969.0	2.969	25,100,40
2002	ctx-rh-caudalanteriorcingulate	segmentation/roi_masks/2002_ctx-rh-caudalanteriorcingulate.nii.gz	3141	3141.0	3.141	125,100,160
2003	ctx-rh-caudalmiddlefrontal	segmentation/roi_masks/2003_ctx-rh-caudalmiddlefrontal.nii.gz	9461	9461.0	9.461	100,25,0
2005	ctx-rh-cuneus	segmentation/roi_masks/2005_ctx-rh-cuneus.nii.gz	4279	4279.0	4.279	220,20,100
2006	ctx-rh-entorhinal	segmentation/roi_masks/2006_ctx-rh-entorhinal.nii.gz	1964	1964.0	1.964	220,20,10
2007	ctx-rh-fusiform	segmentation/roi_masks/2007_ctx-rh-fusiform.nii.gz	13730	13730.0	13.73	180,220,140
2008	ctx-rh-inferiorparietal	segmentation/roi_masks/2008_ctx-rh-inferiorparietal.nii.gz	22686	22686.0	22.686	220,60,220
2009	ctx-rh-inferiortemporal	segmentation/roi_masks/2009_ctx-rh-inferiortemporal.nii.gz	13619	13619.0	13.619	180,40,120
2010	ctx-rh-isthmuscingulate	segmentation/roi_masks/2010_ctx-rh-isthmuscingulate.nii.gz	3494	3494.0	3.494	140,20,140
2011	ctx-rh-lateraloccipital	segmentation/roi_masks/2011_ctx-rh-lateraloccipital.nii.gz	17712	17712.0	17.712	20,30,140
2012	ctx-rh-lateralorbitofrontal	segmentation/roi_masks/2012_ctx-rh-lateralorbitofrontal.nii.gz	10316	10316.0	10.316	35,75,50
2013	ctx-rh-lingual	segmentation/roi_masks/2013_ctx-rh-lingual.nii.gz	8226	8226.0	8.226	225,140,140
2014	ctx-rh-medialorbitofrontal	segmentation/roi_masks/2014_ctx-rh-medialorbitofrontal.nii.gz	7343	7343.0	7.343	200,35,75
2015	ctx-rh-middletemporal	segmentation/roi_masks/2015_ctx-rh-middletemporal.nii.gz	16129	16129.0	16.129	160,100,50
2016	ctx-rh-parahippocampal	segmentation/roi_masks/2016_ctx-rh-parahippocampal.nii.gz	2788	2788.0	2.788	20,220,60
2017	ctx-rh-paracentral	segmentation/roi_masks/2017_ctx-rh-paracentral.nii.gz	5133	5133.0	5.133	60,220,60
2018	ctx-rh-parsopercularis	segmentation/roi_masks/2018_ctx-rh-parsopercularis.nii.gz	6240	6240.0	6.24	220,180,140
2019	ctx-rh-parsorbitalis	segmentation/roi_masks/2019_ctx-rh-parsorbitalis.nii.gz	4149	4149.0	4.149	20,100,50
2020	ctx-rh-parstriangularis	segmentation/roi_masks/2020_ctx-rh-parstriangularis.nii.gz	5243	5243.0	5.243	220,60,20
2021	ctx-rh-pericalcarine	segmentation/roi_masks/2021_ctx-rh-pericalcarine.nii.gz	2646	2646.0	2.646	120,100,60
2022	ctx-rh-postcentral	segmentation/roi_masks/2022_ctx-rh-postcentral.nii.gz	11093	11093.0	11.093	220,20,20
2023	ctx-rh-posteriorcingulate	segmentation/roi_masks/2023_ctx-rh-posteriorcingulate.nii.gz	4452	4452.0	4.452	220,180,220
2024	ctx-rh-precentral	segmentation/roi_masks/2024_ctx-rh-precentral.nii.gz	17338	17338.0	17.338	60,20,220
2025	ctx-rh-precuneus	segmentation/roi_masks/2025_ctx-rh-precuneus.nii.gz	14229	14229.0	14.229	160,140,180
2026	ctx-rh-rostralanteriorcingulate	segmentation/roi_masks/2026_ctx-rh-rostralanteriorcingulate.nii.gz	3043	3043.0	3.043	80,20,140
2027	ctx-rh-rostralmiddlefrontal	segmentation/roi_masks/2027_ctx-rh-rostralmiddlefrontal.nii.gz	19959	19959.0	19.959	75,50,125
2028	ctx-rh-superiorfrontal	segmentation/roi_masks/2028_ctx-rh-superiorfrontal.nii.gz	29621	29621.0	29.621	20,220,160
2029	ctx-rh-superiorparietal	segmentation/roi_masks/2029_ctx-rh-superiorparietal.nii.gz	17546	17546.0	17.546	20,180,140
2030	ctx-rh-superiortemporal	segmentation/roi_masks/2030_ctx-rh-superiortemporal.nii.gz	14471	14471.0	14.471	140,220,220
2031	ctx-rh-supramarginal	segmentation/roi_masks/2031_ctx-rh-supramarginal.nii.gz	13032	13032.0	13.032	80,160,20
2032	ctx-rh-frontalpole	segmentation/roi_masks/2032_ctx-rh-frontalpole.nii.gz	1709	1709.0	1.709	100,0,100
2033	ctx-rh-temporalpole	segmentation/roi_masks/2033_ctx-rh-temporalpole.nii.gz	5085	5085.0	5.085	70,70,70
2034	ctx-rh-transversetemporal	segmentation/roi_masks/2034_ctx-rh-transversetemporal.nii.gz	1285	1285.0	1.285	150,150,200
2035	ctx-rh-insula	segmentation/roi_masks/2035_ctx-rh-insula.nii.gz	9886	9886.0	9.886	255,192,32
