tract_name,side_or_mode,atlas_frame,prob_file,mask_file,display3D_file,threshold
ATR,L,0,/workspace/JHU_tract_batch/prob/ATR_L_prob_MNI.nii.gz,/workspace/JHU_tract_batch/mask_thr5/ATR_L_thr5_MNI.nii.gz,,5.0
ATR,R,1,/workspace/JHU_tract_batch/prob/ATR_R_prob_MNI.nii.gz,/workspace/JHU_tract_batch/mask_thr5/ATR_R_thr5_MNI.nii.gz,,5.0
ATR,3D_ALL,0+1,,,/workspace/JHU_tract_batch/display3d/ATR_display3D_MNI.nii.gz,5.0
CST,L,2,/workspace/JHU_tract_batch/prob/CST_L_prob_MNI.nii.gz,/workspace/JHU_tract_batch/mask_thr5/CST_L_thr5_MNI.nii.gz,,5.0
CST,R,3,/workspace/JHU_tract_batch/prob/CST_R_prob_MNI.nii.gz,/workspace/JHU_tract_batch/mask_thr5/CST_R_thr5_MNI.nii.gz,,5.0
CST,3D_ALL,2+3,,,/workspace/JHU_tract_batch/display3d/CST_display3D_MNI.nii.gz,5.0
Cingulum_cg,L,4,/workspace/JHU_tract_batch/prob/Cingulum_cg_L_prob_MNI.nii.gz,/workspace/JHU_tract_batch/mask_thr5/Cingulum_cg_L_thr5_MNI.nii.gz,,5.0
Cingulum_cg,R,5,/workspace/JHU_tract_batch/prob/Cingulum_cg_R_prob_MNI.nii.gz,/workspace/JHU_tract_batch/mask_thr5/Cingulum_cg_R_thr5_MNI.nii.gz,,5.0
Cingulum_cg,3D_ALL,4+5,,,/workspace/JHU_tract_batch/display3d/Cingulum_cg_display3D_MNI.nii.gz,5.0
Cingulum_hipp,L,6,/workspace/JHU_tract_batch/prob/Cingulum_hipp_L_prob_MNI.nii.gz,/workspace/JHU_tract_batch/mask_thr5/Cingulum_hipp_L_thr5_MNI.nii.gz,,5.0
Cingulum_hipp,R,7,/workspace/JHU_tract_batch/prob/Cingulum_hipp_R_prob_MNI.nii.gz,/workspace/JHU_tract_batch/mask_thr5/Cingulum_hipp_R_thr5_MNI.nii.gz,,5.0
Cingulum_hipp,3D_ALL,6+7,,,/workspace/JHU_tract_batch/display3d/Cingulum_hipp_display3D_MNI.nii.gz,5.0
Forceps_major,MID,8,/workspace/JHU_tract_batch/prob/Forceps_major_prob_MNI.nii.gz,/workspace/JHU_tract_batch/mask_thr5/Forceps_major_thr5_MNI.nii.gz,/workspace/JHU_tract_batch/display3d/Forceps_major_display3D_MNI.nii.gz,5.0
Forceps_minor,MID,9,/workspace/JHU_tract_batch/prob/Forceps_minor_prob_MNI.nii.gz,/workspace/JHU_tract_batch/mask_thr5/Forceps_minor_thr5_MNI.nii.gz,/workspace/JHU_tract_batch/display3d/Forceps_minor_display3D_MNI.nii.gz,5.0
IFOF,L,10,/workspace/JHU_tract_batch/prob/IFOF_L_prob_MNI.nii.gz,/workspace/JHU_tract_batch/mask_thr5/IFOF_L_thr5_MNI.nii.gz,,5.0
IFOF,R,11,/workspace/JHU_tract_batch/prob/IFOF_R_prob_MNI.nii.gz,/workspace/JHU_tract_batch/mask_thr5/IFOF_R_thr5_MNI.nii.gz,,5.0
IFOF,3D_ALL,10+11,,,/workspace/JHU_tract_batch/display3d/IFOF_display3D_MNI.nii.gz,5.0
ILF,L,12,/workspace/JHU_tract_batch/prob/ILF_L_prob_MNI.nii.gz,/workspace/JHU_tract_batch/mask_thr5/ILF_L_thr5_MNI.nii.gz,,5.0
ILF,R,13,/workspace/JHU_tract_batch/prob/ILF_R_prob_MNI.nii.gz,/workspace/JHU_tract_batch/mask_thr5/ILF_R_thr5_MNI.nii.gz,,5.0
ILF,3D_ALL,12+13,,,/workspace/JHU_tract_batch/display3d/ILF_display3D_MNI.nii.gz,5.0
SLF,L,14,/workspace/JHU_tract_batch/prob/SLF_L_prob_MNI.nii.gz,/workspace/JHU_tract_batch/mask_thr5/SLF_L_thr5_MNI.nii.gz,,5.0
SLF,R,15,/workspace/JHU_tract_batch/prob/SLF_R_prob_MNI.nii.gz,/workspace/JHU_tract_batch/mask_thr5/SLF_R_thr5_MNI.nii.gz,,5.0
SLF,3D_ALL,14+15,,,/workspace/JHU_tract_batch/display3d/SLF_display3D_MNI.nii.gz,5.0
Uncinate,L,16,/workspace/JHU_tract_batch/prob/Uncinate_L_prob_MNI.nii.gz,/workspace/JHU_tract_batch/mask_thr5/Uncinate_L_thr5_MNI.nii.gz,,5.0
Uncinate,R,17,/workspace/JHU_tract_batch/prob/Uncinate_R_prob_MNI.nii.gz,/workspace/JHU_tract_batch/mask_thr5/Uncinate_R_thr5_MNI.nii.gz,,5.0
Uncinate,3D_ALL,16+17,,,/workspace/JHU_tract_batch/display3d/Uncinate_display3D_MNI.nii.gz,5.0
SLF_temporal,L,18,/workspace/JHU_tract_batch/prob/SLF_temporal_L_prob_MNI.nii.gz,/workspace/JHU_tract_batch/mask_thr5/SLF_temporal_L_thr5_MNI.nii.gz,,5.0
SLF_temporal,R,19,/workspace/JHU_tract_batch/prob/SLF_temporal_R_prob_MNI.nii.gz,/workspace/JHU_tract_batch/mask_thr5/SLF_temporal_R_thr5_MNI.nii.gz,,5.0
SLF_temporal,3D_ALL,18+19,,,/workspace/JHU_tract_batch/display3d/SLF_temporal_display3D_MNI.nii.gz,5.0
