tract,side,role,label_id,label_name,mask_file
CST,L,CORE,1024,ctx-lh-precentral,segmentation/roi_masks/1024_ctx-lh-precentral.nii.gz
CST,L,CORE,1017,ctx-lh-paracentral,segmentation/roi_masks/1017_ctx-lh-paracentral.nii.gz
CST,L,LANDMARK,12,Left-Putamen,segmentation/roi_masks/0012_Left-Putamen.nii.gz
CST,L,LANDMARK,13,Left-Pallidum,segmentation/roi_masks/0013_Left-Pallidum.nii.gz
CST,L,LANDMARK,10,Left-Thalamus,segmentation/roi_masks/0010_Left-Thalamus.nii.gz
CST,L,LANDMARK,16,Brain-Stem,segmentation/roi_masks/0016_Brain-Stem.nii.gz
CST,R,CORE,2024,ctx-rh-precentral,segmentation/roi_masks/2024_ctx-rh-precentral.nii.gz
CST,R,CORE,2017,ctx-rh-paracentral,segmentation/roi_masks/2017_ctx-rh-paracentral.nii.gz
CST,R,LANDMARK,51,Right-Putamen,segmentation/roi_masks/0051_Right-Putamen.nii.gz
CST,R,LANDMARK,52,Right-Pallidum,segmentation/roi_masks/0052_Right-Pallidum.nii.gz
CST,R,LANDMARK,49,Right-Thalamus,segmentation/roi_masks/0049_Right-Thalamus.nii.gz
CST,R,LANDMARK,16,Brain-Stem,segmentation/roi_masks/0016_Brain-Stem.nii.gz
ATR,L,CORE,1028,ctx-lh-superiorfrontal,segmentation/roi_masks/1028_ctx-lh-superiorfrontal.nii.gz
ATR,L,CORE,1027,ctx-lh-rostralmiddlefrontal,segmentation/roi_masks/1027_ctx-lh-rostralmiddlefrontal.nii.gz
ATR,L,CORE,1003,ctx-lh-caudalmiddlefrontal,segmentation/roi_masks/1003_ctx-lh-caudalmiddlefrontal.nii.gz
ATR,L,CORE,1026,ctx-lh-rostralanteriorcingulate,segmentation/roi_masks/1026_ctx-lh-rostralanteriorcingulate.nii.gz
ATR,L,LANDMARK,10,Left-Thalamus,segmentation/roi_masks/0010_Left-Thalamus.nii.gz
ATR,L,LANDMARK,11,Left-Caudate,segmentation/roi_masks/0011_Left-Caudate.nii.gz
ATR,L,LANDMARK,12,Left-Putamen,segmentation/roi_masks/0012_Left-Putamen.nii.gz
ATR,L,LANDMARK,13,Left-Pallidum,segmentation/roi_masks/0013_Left-Pallidum.nii.gz
ATR,R,CORE,2028,ctx-rh-superiorfrontal,segmentation/roi_masks/2028_ctx-rh-superiorfrontal.nii.gz
ATR,R,CORE,2027,ctx-rh-rostralmiddlefrontal,segmentation/roi_masks/2027_ctx-rh-rostralmiddlefrontal.nii.gz
ATR,R,CORE,2003,ctx-rh-caudalmiddlefrontal,segmentation/roi_masks/2003_ctx-rh-caudalmiddlefrontal.nii.gz
ATR,R,CORE,2026,ctx-rh-rostralanteriorcingulate,segmentation/roi_masks/2026_ctx-rh-rostralanteriorcingulate.nii.gz
ATR,R,LANDMARK,49,Right-Thalamus,segmentation/roi_masks/0049_Right-Thalamus.nii.gz
ATR,R,LANDMARK,50,Right-Caudate,segmentation/roi_masks/0050_Right-Caudate.nii.gz
ATR,R,LANDMARK,51,Right-Putamen,segmentation/roi_masks/0051_Right-Putamen.nii.gz
ATR,R,LANDMARK,52,Right-Pallidum,segmentation/roi_masks/0052_Right-Pallidum.nii.gz
SLF,L,CORE,1028,ctx-lh-superiorfrontal,segmentation/roi_masks/1028_ctx-lh-superiorfrontal.nii.gz
SLF,L,CORE,1003,ctx-lh-caudalmiddlefrontal,segmentation/roi_masks/1003_ctx-lh-caudalmiddlefrontal.nii.gz
SLF,L,CORE,1027,ctx-lh-rostralmiddlefrontal,segmentation/roi_masks/1027_ctx-lh-rostralmiddlefrontal.nii.gz
SLF,L,CORE,1008,ctx-lh-inferiorparietal,segmentation/roi_masks/1008_ctx-lh-inferiorparietal.nii.gz
SLF,L,CORE,1031,ctx-lh-supramarginal,segmentation/roi_masks/1031_ctx-lh-supramarginal.nii.gz
SLF,L,CORE,1029,ctx-lh-superiorparietal,segmentation/roi_masks/1029_ctx-lh-superiorparietal.nii.gz
SLF,L,LANDMARK,1024,ctx-lh-precentral,segmentation/roi_masks/1024_ctx-lh-precentral.nii.gz
SLF,L,LANDMARK,1022,ctx-lh-postcentral,segmentation/roi_masks/1022_ctx-lh-postcentral.nii.gz
SLF,R,CORE,2028,ctx-rh-superiorfrontal,segmentation/roi_masks/2028_ctx-rh-superiorfrontal.nii.gz
SLF,R,CORE,2003,ctx-rh-caudalmiddlefrontal,segmentation/roi_masks/2003_ctx-rh-caudalmiddlefrontal.nii.gz
SLF,R,CORE,2027,ctx-rh-rostralmiddlefrontal,segmentation/roi_masks/2027_ctx-rh-rostralmiddlefrontal.nii.gz
SLF,R,CORE,2008,ctx-rh-inferiorparietal,segmentation/roi_masks/2008_ctx-rh-inferiorparietal.nii.gz
SLF,R,CORE,2031,ctx-rh-supramarginal,segmentation/roi_masks/2031_ctx-rh-supramarginal.nii.gz
SLF,R,CORE,2029,ctx-rh-superiorparietal,segmentation/roi_masks/2029_ctx-rh-superiorparietal.nii.gz
SLF,R,LANDMARK,2024,ctx-rh-precentral,segmentation/roi_masks/2024_ctx-rh-precentral.nii.gz
SLF,R,LANDMARK,2022,ctx-rh-postcentral,segmentation/roi_masks/2022_ctx-rh-postcentral.nii.gz
SLF_temporal,L,CORE,1031,ctx-lh-supramarginal,segmentation/roi_masks/1031_ctx-lh-supramarginal.nii.gz
SLF_temporal,L,CORE,1008,ctx-lh-inferiorparietal,segmentation/roi_masks/1008_ctx-lh-inferiorparietal.nii.gz
SLF_temporal,L,CORE,1030,ctx-lh-superiortemporal,segmentation/roi_masks/1030_ctx-lh-superiortemporal.nii.gz
SLF_temporal,L,CORE,1015,ctx-lh-middletemporal,segmentation/roi_masks/1015_ctx-lh-middletemporal.nii.gz
SLF_temporal,L,LANDMARK,1035,ctx-lh-insula,segmentation/roi_masks/1035_ctx-lh-insula.nii.gz
SLF_temporal,R,CORE,2031,ctx-rh-supramarginal,segmentation/roi_masks/2031_ctx-rh-supramarginal.nii.gz
SLF_temporal,R,CORE,2008,ctx-rh-inferiorparietal,segmentation/roi_masks/2008_ctx-rh-inferiorparietal.nii.gz
SLF_temporal,R,CORE,2030,ctx-rh-superiortemporal,segmentation/roi_masks/2030_ctx-rh-superiortemporal.nii.gz
SLF_temporal,R,CORE,2015,ctx-rh-middletemporal,segmentation/roi_masks/2015_ctx-rh-middletemporal.nii.gz
SLF_temporal,R,LANDMARK,2035,ctx-rh-insula,segmentation/roi_masks/2035_ctx-rh-insula.nii.gz
IFOF,L,CORE,1027,ctx-lh-rostralmiddlefrontal,segmentation/roi_masks/1027_ctx-lh-rostralmiddlefrontal.nii.gz
IFOF,L,CORE,1012,ctx-lh-lateralorbitofrontal,segmentation/roi_masks/1012_ctx-lh-lateralorbitofrontal.nii.gz
IFOF,L,CORE,1014,ctx-lh-medialorbitofrontal,segmentation/roi_masks/1014_ctx-lh-medialorbitofrontal.nii.gz
IFOF,L,CORE,1011,ctx-lh-lateraloccipital,segmentation/roi_masks/1011_ctx-lh-lateraloccipital.nii.gz
IFOF,L,CORE,1005,ctx-lh-cuneus,segmentation/roi_masks/1005_ctx-lh-cuneus.nii.gz
IFOF,L,CORE,1013,ctx-lh-lingual,segmentation/roi_masks/1013_ctx-lh-lingual.nii.gz
IFOF,L,LANDMARK,1035,ctx-lh-insula,segmentation/roi_masks/1035_ctx-lh-insula.nii.gz
IFOF,L,LANDMARK,12,Left-Putamen,segmentation/roi_masks/0012_Left-Putamen.nii.gz
IFOF,R,CORE,2027,ctx-rh-rostralmiddlefrontal,segmentation/roi_masks/2027_ctx-rh-rostralmiddlefrontal.nii.gz
IFOF,R,CORE,2012,ctx-rh-lateralorbitofrontal,segmentation/roi_masks/2012_ctx-rh-lateralorbitofrontal.nii.gz
IFOF,R,CORE,2014,ctx-rh-medialorbitofrontal,segmentation/roi_masks/2014_ctx-rh-medialorbitofrontal.nii.gz
IFOF,R,CORE,2011,ctx-rh-lateraloccipital,segmentation/roi_masks/2011_ctx-rh-lateraloccipital.nii.gz
IFOF,R,CORE,2005,ctx-rh-cuneus,segmentation/roi_masks/2005_ctx-rh-cuneus.nii.gz
IFOF,R,CORE,2013,ctx-rh-lingual,segmentation/roi_masks/2013_ctx-rh-lingual.nii.gz
IFOF,R,LANDMARK,2035,ctx-rh-insula,segmentation/roi_masks/2035_ctx-rh-insula.nii.gz
IFOF,R,LANDMARK,51,Right-Putamen,segmentation/roi_masks/0051_Right-Putamen.nii.gz
ILF,L,CORE,1009,ctx-lh-inferiortemporal,segmentation/roi_masks/1009_ctx-lh-inferiortemporal.nii.gz
ILF,L,CORE,1007,ctx-lh-fusiform,segmentation/roi_masks/1007_ctx-lh-fusiform.nii.gz
ILF,L,CORE,1011,ctx-lh-lateraloccipital,segmentation/roi_masks/1011_ctx-lh-lateraloccipital.nii.gz
ILF,L,CORE,1013,ctx-lh-lingual,segmentation/roi_masks/1013_ctx-lh-lingual.nii.gz
ILF,L,LANDMARK,1016,ctx-lh-parahippocampal,segmentation/roi_masks/1016_ctx-lh-parahippocampal.nii.gz
ILF,L,LANDMARK,1033,ctx-lh-temporalpole,segmentation/roi_masks/1033_ctx-lh-temporalpole.nii.gz
ILF,L,LANDMARK,17,Left-Hippocampus,segmentation/roi_masks/0017_Left-Hippocampus.nii.gz
ILF,R,CORE,2009,ctx-rh-inferiortemporal,segmentation/roi_masks/2009_ctx-rh-inferiortemporal.nii.gz
ILF,R,CORE,2007,ctx-rh-fusiform,segmentation/roi_masks/2007_ctx-rh-fusiform.nii.gz
ILF,R,CORE,2011,ctx-rh-lateraloccipital,segmentation/roi_masks/2011_ctx-rh-lateraloccipital.nii.gz
ILF,R,CORE,2013,ctx-rh-lingual,segmentation/roi_masks/2013_ctx-rh-lingual.nii.gz
ILF,R,LANDMARK,2016,ctx-rh-parahippocampal,segmentation/roi_masks/2016_ctx-rh-parahippocampal.nii.gz
ILF,R,LANDMARK,2033,ctx-rh-temporalpole,segmentation/roi_masks/2033_ctx-rh-temporalpole.nii.gz
ILF,R,LANDMARK,53,Right-Hippocampus,segmentation/roi_masks/0053_Right-Hippocampus.nii.gz
Uncinate,L,CORE,1033,ctx-lh-temporalpole,segmentation/roi_masks/1033_ctx-lh-temporalpole.nii.gz
Uncinate,L,CORE,1012,ctx-lh-lateralorbitofrontal,segmentation/roi_masks/1012_ctx-lh-lateralorbitofrontal.nii.gz
Uncinate,L,CORE,1014,ctx-lh-medialorbitofrontal,segmentation/roi_masks/1014_ctx-lh-medialorbitofrontal.nii.gz
Uncinate,L,CORE,1019,ctx-lh-parsorbitalis,segmentation/roi_masks/1019_ctx-lh-parsorbitalis.nii.gz
Uncinate,L,LANDMARK,1035,ctx-lh-insula,segmentation/roi_masks/1035_ctx-lh-insula.nii.gz
Uncinate,L,LANDMARK,1016,ctx-lh-parahippocampal,segmentation/roi_masks/1016_ctx-lh-parahippocampal.nii.gz
Uncinate,L,LANDMARK,18,Left-Amygdala,segmentation/roi_masks/0018_Left-Amygdala.nii.gz
Uncinate,L,LANDMARK,17,Left-Hippocampus,segmentation/roi_masks/0017_Left-Hippocampus.nii.gz
Uncinate,R,CORE,2033,ctx-rh-temporalpole,segmentation/roi_masks/2033_ctx-rh-temporalpole.nii.gz
Uncinate,R,CORE,2012,ctx-rh-lateralorbitofrontal,segmentation/roi_masks/2012_ctx-rh-lateralorbitofrontal.nii.gz
Uncinate,R,CORE,2014,ctx-rh-medialorbitofrontal,segmentation/roi_masks/2014_ctx-rh-medialorbitofrontal.nii.gz
Uncinate,R,CORE,2019,ctx-rh-parsorbitalis,segmentation/roi_masks/2019_ctx-rh-parsorbitalis.nii.gz
Uncinate,R,LANDMARK,2035,ctx-rh-insula,segmentation/roi_masks/2035_ctx-rh-insula.nii.gz
Uncinate,R,LANDMARK,2016,ctx-rh-parahippocampal,segmentation/roi_masks/2016_ctx-rh-parahippocampal.nii.gz
Uncinate,R,LANDMARK,54,Right-Amygdala,segmentation/roi_masks/0054_Right-Amygdala.nii.gz
Uncinate,R,LANDMARK,53,Right-Hippocampus,segmentation/roi_masks/0053_Right-Hippocampus.nii.gz
Cingulum_cg,L,CORE,1026,ctx-lh-rostralanteriorcingulate,segmentation/roi_masks/1026_ctx-lh-rostralanteriorcingulate.nii.gz
Cingulum_cg,L,CORE,1002,ctx-lh-caudalanteriorcingulate,segmentation/roi_masks/1002_ctx-lh-caudalanteriorcingulate.nii.gz
Cingulum_cg,L,CORE,1023,ctx-lh-posteriorcingulate,segmentation/roi_masks/1023_ctx-lh-posteriorcingulate.nii.gz
Cingulum_cg,L,CORE,1010,ctx-lh-isthmuscingulate,segmentation/roi_masks/1010_ctx-lh-isthmuscingulate.nii.gz
Cingulum_cg,L,LANDMARK,1025,ctx-lh-precuneus,segmentation/roi_masks/1025_ctx-lh-precuneus.nii.gz
Cingulum_cg,R,CORE,2026,ctx-rh-rostralanteriorcingulate,segmentation/roi_masks/2026_ctx-rh-rostralanteriorcingulate.nii.gz
Cingulum_cg,R,CORE,2002,ctx-rh-caudalanteriorcingulate,segmentation/roi_masks/2002_ctx-rh-caudalanteriorcingulate.nii.gz
Cingulum_cg,R,CORE,2023,ctx-rh-posteriorcingulate,segmentation/roi_masks/2023_ctx-rh-posteriorcingulate.nii.gz
Cingulum_cg,R,CORE,2010,ctx-rh-isthmuscingulate,segmentation/roi_masks/2010_ctx-rh-isthmuscingulate.nii.gz
Cingulum_cg,R,LANDMARK,2025,ctx-rh-precuneus,segmentation/roi_masks/2025_ctx-rh-precuneus.nii.gz
Cingulum_hipp,L,CORE,1016,ctx-lh-parahippocampal,segmentation/roi_masks/1016_ctx-lh-parahippocampal.nii.gz
Cingulum_hipp,L,CORE,1006,ctx-lh-entorhinal,segmentation/roi_masks/1006_ctx-lh-entorhinal.nii.gz
Cingulum_hipp,L,LANDMARK,1023,ctx-lh-posteriorcingulate,segmentation/roi_masks/1023_ctx-lh-posteriorcingulate.nii.gz
Cingulum_hipp,L,LANDMARK,1010,ctx-lh-isthmuscingulate,segmentation/roi_masks/1010_ctx-lh-isthmuscingulate.nii.gz
Cingulum_hipp,L,LANDMARK,17,Left-Hippocampus,segmentation/roi_masks/0017_Left-Hippocampus.nii.gz
Cingulum_hipp,R,CORE,2016,ctx-rh-parahippocampal,segmentation/roi_masks/2016_ctx-rh-parahippocampal.nii.gz
Cingulum_hipp,R,CORE,2006,ctx-rh-entorhinal,segmentation/roi_masks/2006_ctx-rh-entorhinal.nii.gz
Cingulum_hipp,R,LANDMARK,2023,ctx-rh-posteriorcingulate,segmentation/roi_masks/2023_ctx-rh-posteriorcingulate.nii.gz
Cingulum_hipp,R,LANDMARK,2010,ctx-rh-isthmuscingulate,segmentation/roi_masks/2010_ctx-rh-isthmuscingulate.nii.gz
Cingulum_hipp,R,LANDMARK,53,Right-Hippocampus,segmentation/roi_masks/0053_Right-Hippocampus.nii.gz
Forceps_major,L,CORE,1005,ctx-lh-cuneus,segmentation/roi_masks/1005_ctx-lh-cuneus.nii.gz
Forceps_major,L,CORE,1013,ctx-lh-lingual,segmentation/roi_masks/1013_ctx-lh-lingual.nii.gz
Forceps_major,L,CORE,1011,ctx-lh-lateraloccipital,segmentation/roi_masks/1011_ctx-lh-lateraloccipital.nii.gz
Forceps_major,L,CORE,1021,ctx-lh-pericalcarine,segmentation/roi_masks/1021_ctx-lh-pericalcarine.nii.gz
Forceps_major,L,LANDMARK,4,Left-Lateral-Ventricle,segmentation/roi_masks/0004_Left-Lateral-Ventricle.nii.gz
Forceps_major,L,LANDMARK,5,Left-Inf-Lat-Vent,segmentation/roi_masks/0005_Left-Inf-Lat-Vent.nii.gz
Forceps_major,L,LANDMARK,43,Right-Lateral-Ventricle,segmentation/roi_masks/0043_Right-Lateral-Ventricle.nii.gz
Forceps_major,L,LANDMARK,44,Right-Inf-Lat-Vent,segmentation/roi_masks/0044_Right-Inf-Lat-Vent.nii.gz
Forceps_major,R,CORE,2005,ctx-rh-cuneus,segmentation/roi_masks/2005_ctx-rh-cuneus.nii.gz
Forceps_major,R,CORE,2013,ctx-rh-lingual,segmentation/roi_masks/2013_ctx-rh-lingual.nii.gz
Forceps_major,R,CORE,2011,ctx-rh-lateraloccipital,segmentation/roi_masks/2011_ctx-rh-lateraloccipital.nii.gz
Forceps_major,R,CORE,2021,ctx-rh-pericalcarine,segmentation/roi_masks/2021_ctx-rh-pericalcarine.nii.gz
Forceps_major,R,LANDMARK,4,Left-Lateral-Ventricle,segmentation/roi_masks/0004_Left-Lateral-Ventricle.nii.gz
Forceps_major,R,LANDMARK,5,Left-Inf-Lat-Vent,segmentation/roi_masks/0005_Left-Inf-Lat-Vent.nii.gz
Forceps_major,R,LANDMARK,43,Right-Lateral-Ventricle,segmentation/roi_masks/0043_Right-Lateral-Ventricle.nii.gz
Forceps_major,R,LANDMARK,44,Right-Inf-Lat-Vent,segmentation/roi_masks/0044_Right-Inf-Lat-Vent.nii.gz
Forceps_minor,L,CORE,1028,ctx-lh-superiorfrontal,segmentation/roi_masks/1028_ctx-lh-superiorfrontal.nii.gz
Forceps_minor,L,CORE,1027,ctx-lh-rostralmiddlefrontal,segmentation/roi_masks/1027_ctx-lh-rostralmiddlefrontal.nii.gz
Forceps_minor,L,CORE,1032,ctx-lh-frontalpole,segmentation/roi_masks/1032_ctx-lh-frontalpole.nii.gz
Forceps_minor,L,LANDMARK,11,Left-Caudate,segmentation/roi_masks/0011_Left-Caudate.nii.gz
Forceps_minor,L,LANDMARK,4,Left-Lateral-Ventricle,segmentation/roi_masks/0004_Left-Lateral-Ventricle.nii.gz
Forceps_minor,L,LANDMARK,5,Left-Inf-Lat-Vent,segmentation/roi_masks/0005_Left-Inf-Lat-Vent.nii.gz
Forceps_minor,L,LANDMARK,43,Right-Lateral-Ventricle,segmentation/roi_masks/0043_Right-Lateral-Ventricle.nii.gz
Forceps_minor,L,LANDMARK,44,Right-Inf-Lat-Vent,segmentation/roi_masks/0044_Right-Inf-Lat-Vent.nii.gz
Forceps_minor,R,CORE,2028,ctx-rh-superiorfrontal,segmentation/roi_masks/2028_ctx-rh-superiorfrontal.nii.gz
Forceps_minor,R,CORE,2027,ctx-rh-rostralmiddlefrontal,segmentation/roi_masks/2027_ctx-rh-rostralmiddlefrontal.nii.gz
Forceps_minor,R,CORE,2032,ctx-rh-frontalpole,segmentation/roi_masks/2032_ctx-rh-frontalpole.nii.gz
Forceps_minor,R,LANDMARK,50,Right-Caudate,segmentation/roi_masks/0050_Right-Caudate.nii.gz
Forceps_minor,R,LANDMARK,4,Left-Lateral-Ventricle,segmentation/roi_masks/0004_Left-Lateral-Ventricle.nii.gz
Forceps_minor,R,LANDMARK,5,Left-Inf-Lat-Vent,segmentation/roi_masks/0005_Left-Inf-Lat-Vent.nii.gz
Forceps_minor,R,LANDMARK,43,Right-Lateral-Ventricle,segmentation/roi_masks/0043_Right-Lateral-Ventricle.nii.gz
Forceps_minor,R,LANDMARK,44,Right-Inf-Lat-Vent,segmentation/roi_masks/0044_Right-Inf-Lat-Vent.nii.gz
