tract,side,source_T1final,prob_subject,thr5_subject,thr5_voxel_count,prob_min,prob_max
CST,L,/workspace/A2a/batch_all/t1_final/CST_L_prob_T1final.nii.gz,CST_L_prob_subject.nii.gz,CST_L_thr5_subject.nii.gz,18996,0.0,68.5814208984375
CST,R,/workspace/A2a/batch_all/t1_final/CST_R_prob_T1final.nii.gz,CST_R_prob_subject.nii.gz,CST_R_thr5_subject.nii.gz,16920,0.0,68.44438171386719
ATR,L,/workspace/A2a/batch_all/t1_final/ATR_L_prob_T1final.nii.gz,ATR_L_prob_subject.nii.gz,ATR_L_thr5_subject.nii.gz,29584,0.0,84.92079162597656
ATR,R,/workspace/A2a/batch_all/t1_final/ATR_R_prob_T1final.nii.gz,ATR_R_prob_subject.nii.gz,ATR_R_thr5_subject.nii.gz,26041,0.0,84.20275115966797
SLF,L,/workspace/A2a/batch_all/t1_final/SLF_L_prob_T1final.nii.gz,SLF_L_prob_subject.nii.gz,SLF_L_thr5_subject.nii.gz,48411,0.0,88.06565856933594
SLF,R,/workspace/A2a/batch_all/t1_final/SLF_R_prob_T1final.nii.gz,SLF_R_prob_subject.nii.gz,SLF_R_thr5_subject.nii.gz,40585,0.0,81.17884826660156
SLF_temporal,L,/workspace/A2a/batch_all/t1_final/SLF_temporal_L_prob_T1final.nii.gz,SLF_temporal_L_prob_subject.nii.gz,SLF_temporal_L_thr5_subject.nii.gz,17293,0.0,55.63570785522461
SLF_temporal,R,/workspace/A2a/batch_all/t1_final/SLF_temporal_R_prob_T1final.nii.gz,SLF_temporal_R_prob_subject.nii.gz,SLF_temporal_R_thr5_subject.nii.gz,12382,0.0,50.10882568359375
IFOF,L,/workspace/A2a/batch_all/t1_final/IFOF_L_prob_T1final.nii.gz,IFOF_L_prob_subject.nii.gz,IFOF_L_thr5_subject.nii.gz,29724,0.0,70.73294067382812
IFOF,R,/workspace/A2a/batch_all/t1_final/IFOF_R_prob_T1final.nii.gz,IFOF_R_prob_subject.nii.gz,IFOF_R_thr5_subject.nii.gz,31506,0.0,66.2678451538086
ILF,L,/workspace/A2a/batch_all/t1_final/ILF_L_prob_T1final.nii.gz,ILF_L_prob_subject.nii.gz,ILF_L_thr5_subject.nii.gz,26284,0.0,64.4867172241211
ILF,R,/workspace/A2a/batch_all/t1_final/ILF_R_prob_T1final.nii.gz,ILF_R_prob_subject.nii.gz,ILF_R_thr5_subject.nii.gz,20425,0.0,60.796268463134766
Uncinate,L,/workspace/A2a/batch_all/t1_final/Uncinate_L_prob_T1final.nii.gz,Uncinate_L_prob_subject.nii.gz,Uncinate_L_thr5_subject.nii.gz,13274,0.0,50.938385009765625
Uncinate,R,/workspace/A2a/batch_all/t1_final/Uncinate_R_prob_T1final.nii.gz,Uncinate_R_prob_subject.nii.gz,Uncinate_R_thr5_subject.nii.gz,9263,0.0,40.819332122802734
Cingulum_cg,L,/workspace/A2a/batch_all/t1_final/Cingulum_cg_L_prob_T1final.nii.gz,Cingulum_cg_L_prob_subject.nii.gz,Cingulum_cg_L_thr5_subject.nii.gz,10993,0.0,48.92750930786133
Cingulum_cg,R,/workspace/A2a/batch_all/t1_final/Cingulum_cg_R_prob_T1final.nii.gz,Cingulum_cg_R_prob_subject.nii.gz,Cingulum_cg_R_thr5_subject.nii.gz,7342,0.0,38.2756462097168
Cingulum_hipp,L,/workspace/A2a/batch_all/t1_final/Cingulum_hipp_L_prob_T1final.nii.gz,Cingulum_hipp_L_prob_subject.nii.gz,Cingulum_hipp_L_thr5_subject.nii.gz,3575,0.0,35.14387130737305
Cingulum_hipp,R,/workspace/A2a/batch_all/t1_final/Cingulum_hipp_R_prob_T1final.nii.gz,Cingulum_hipp_R_prob_subject.nii.gz,Cingulum_hipp_R_thr5_subject.nii.gz,3436,0.0,46.74028778076172
Forceps_major,M,/workspace/A2a/batch_all/t1_final/Forceps_major_prob_T1final.nii.gz,Forceps_major_prob_subject.nii.gz,Forceps_major_thr5_subject.nii.gz,26675,0.0,59.015193939208984
Forceps_minor,M,/workspace/A2a/batch_all/t1_final/Forceps_minor_prob_T1final.nii.gz,Forceps_minor_prob_subject.nii.gz,Forceps_minor_thr5_subject.nii.gz,44793,0.0,88.73411560058594
