label_id,name,mask_file,voxel_count
4,Left-Lateral-Ventricle,segmentation/roi_masks/0004_Left-Lateral-Ventricle.nii.gz,7637
5,Left-Inf-Lat-Vent,segmentation/roi_masks/0005_Left-Inf-Lat-Vent.nii.gz,552
10,Left-Thalamus,segmentation/roi_masks/0010_Left-Thalamus.nii.gz,7471
11,Left-Caudate,segmentation/roi_masks/0011_Left-Caudate.nii.gz,4992
12,Left-Putamen,segmentation/roi_masks/0012_Left-Putamen.nii.gz,5838
13,Left-Pallidum,segmentation/roi_masks/0013_Left-Pallidum.nii.gz,1870
16,Brain-Stem,segmentation/roi_masks/0016_Brain-Stem.nii.gz,20195
17,Left-Hippocampus,segmentation/roi_masks/0017_Left-Hippocampus.nii.gz,3999
18,Left-Amygdala,segmentation/roi_masks/0018_Left-Amygdala.nii.gz,1650
43,Right-Lateral-Ventricle,segmentation/roi_masks/0043_Right-Lateral-Ventricle.nii.gz,7321
44,Right-Inf-Lat-Vent,segmentation/roi_masks/0044_Right-Inf-Lat-Vent.nii.gz,488
49,Right-Thalamus,segmentation/roi_masks/0049_Right-Thalamus.nii.gz,6632
50,Right-Caudate,segmentation/roi_masks/0050_Right-Caudate.nii.gz,5120
51,Right-Putamen,segmentation/roi_masks/0051_Right-Putamen.nii.gz,5471
52,Right-Pallidum,segmentation/roi_masks/0052_Right-Pallidum.nii.gz,1951
53,Right-Hippocampus,segmentation/roi_masks/0053_Right-Hippocampus.nii.gz,4127
54,Right-Amygdala,segmentation/roi_masks/0054_Right-Amygdala.nii.gz,1863
1002,ctx-lh-caudalanteriorcingulate,segmentation/roi_masks/1002_ctx-lh-caudalanteriorcingulate.nii.gz,2177
1003,ctx-lh-caudalmiddlefrontal,segmentation/roi_masks/1003_ctx-lh-caudalmiddlefrontal.nii.gz,7089
1005,ctx-lh-cuneus,segmentation/roi_masks/1005_ctx-lh-cuneus.nii.gz,3280
1006,ctx-lh-entorhinal,segmentation/roi_masks/1006_ctx-lh-entorhinal.nii.gz,2257
1007,ctx-lh-fusiform,segmentation/roi_masks/1007_ctx-lh-fusiform.nii.gz,9790
1008,ctx-lh-inferiorparietal,segmentation/roi_masks/1008_ctx-lh-inferiorparietal.nii.gz,11736
1009,ctx-lh-inferiortemporal,segmentation/roi_masks/1009_ctx-lh-inferiortemporal.nii.gz,11940
1010,ctx-lh-isthmuscingulate,segmentation/roi_masks/1010_ctx-lh-isthmuscingulate.nii.gz,2778
1011,ctx-lh-lateraloccipital,segmentation/roi_masks/1011_ctx-lh-lateraloccipital.nii.gz,12291
1012,ctx-lh-lateralorbitofrontal,segmentation/roi_masks/1012_ctx-lh-lateralorbitofrontal.nii.gz,8514
1013,ctx-lh-lingual,segmentation/roi_masks/1013_ctx-lh-lingual.nii.gz,6995
1014,ctx-lh-medialorbitofrontal,segmentation/roi_masks/1014_ctx-lh-medialorbitofrontal.nii.gz,6565
1015,ctx-lh-middletemporal,segmentation/roi_masks/1015_ctx-lh-middletemporal.nii.gz,12524
1016,ctx-lh-parahippocampal,segmentation/roi_masks/1016_ctx-lh-parahippocampal.nii.gz,2097
1017,ctx-lh-paracentral,segmentation/roi_masks/1017_ctx-lh-paracentral.nii.gz,3878
1019,ctx-lh-parsorbitalis,segmentation/roi_masks/1019_ctx-lh-parsorbitalis.nii.gz,2554
1021,ctx-lh-pericalcarine,segmentation/roi_masks/1021_ctx-lh-pericalcarine.nii.gz,1876
1022,ctx-lh-postcentral,segmentation/roi_masks/1022_ctx-lh-postcentral.nii.gz,10257
1023,ctx-lh-posteriorcingulate,segmentation/roi_masks/1023_ctx-lh-posteriorcingulate.nii.gz,3605
1024,ctx-lh-precentral,segmentation/roi_masks/1024_ctx-lh-precentral.nii.gz,14541
1025,ctx-lh-precuneus,segmentation/roi_masks/1025_ctx-lh-precuneus.nii.gz,10513
1026,ctx-lh-rostralanteriorcingulate,segmentation/roi_masks/1026_ctx-lh-rostralanteriorcingulate.nii.gz,3091
1027,ctx-lh-rostralmiddlefrontal,segmentation/roi_masks/1027_ctx-lh-rostralmiddlefrontal.nii.gz,15523
1028,ctx-lh-superiorfrontal,segmentation/roi_masks/1028_ctx-lh-superiorfrontal.nii.gz,23678
1029,ctx-lh-superiorparietal,segmentation/roi_masks/1029_ctx-lh-superiorparietal.nii.gz,10071
1030,ctx-lh-superiortemporal,segmentation/roi_masks/1030_ctx-lh-superiortemporal.nii.gz,12814
1031,ctx-lh-supramarginal,segmentation/roi_masks/1031_ctx-lh-supramarginal.nii.gz,10249
1032,ctx-lh-frontalpole,segmentation/roi_masks/1032_ctx-lh-frontalpole.nii.gz,1208
1033,ctx-lh-temporalpole,segmentation/roi_masks/1033_ctx-lh-temporalpole.nii.gz,2934
1035,ctx-lh-insula,segmentation/roi_masks/1035_ctx-lh-insula.nii.gz,7323
2002,ctx-rh-caudalanteriorcingulate,segmentation/roi_masks/2002_ctx-rh-caudalanteriorcingulate.nii.gz,2771
2003,ctx-rh-caudalmiddlefrontal,segmentation/roi_masks/2003_ctx-rh-caudalmiddlefrontal.nii.gz,7296
2005,ctx-rh-cuneus,segmentation/roi_masks/2005_ctx-rh-cuneus.nii.gz,3747
2006,ctx-rh-entorhinal,segmentation/roi_masks/2006_ctx-rh-entorhinal.nii.gz,1887
2007,ctx-rh-fusiform,segmentation/roi_masks/2007_ctx-rh-fusiform.nii.gz,10522
2008,ctx-rh-inferiorparietal,segmentation/roi_masks/2008_ctx-rh-inferiorparietal.nii.gz,15053
2009,ctx-rh-inferiortemporal,segmentation/roi_masks/2009_ctx-rh-inferiortemporal.nii.gz,10576
2010,ctx-rh-isthmuscingulate,segmentation/roi_masks/2010_ctx-rh-isthmuscingulate.nii.gz,2413
2011,ctx-rh-lateraloccipital,segmentation/roi_masks/2011_ctx-rh-lateraloccipital.nii.gz,13019
2012,ctx-rh-lateralorbitofrontal,segmentation/roi_masks/2012_ctx-rh-lateralorbitofrontal.nii.gz,7485
2013,ctx-rh-lingual,segmentation/roi_masks/2013_ctx-rh-lingual.nii.gz,7109
2014,ctx-rh-medialorbitofrontal,segmentation/roi_masks/2014_ctx-rh-medialorbitofrontal.nii.gz,6337
2015,ctx-rh-middletemporal,segmentation/roi_masks/2015_ctx-rh-middletemporal.nii.gz,11940
2016,ctx-rh-parahippocampal,segmentation/roi_masks/2016_ctx-rh-parahippocampal.nii.gz,2032
2017,ctx-rh-paracentral,segmentation/roi_masks/2017_ctx-rh-paracentral.nii.gz,4597
2019,ctx-rh-parsorbitalis,segmentation/roi_masks/2019_ctx-rh-parsorbitalis.nii.gz,2671
2021,ctx-rh-pericalcarine,segmentation/roi_masks/2021_ctx-rh-pericalcarine.nii.gz,2974
2022,ctx-rh-postcentral,segmentation/roi_masks/2022_ctx-rh-postcentral.nii.gz,9719
2023,ctx-rh-posteriorcingulate,segmentation/roi_masks/2023_ctx-rh-posteriorcingulate.nii.gz,3958
2024,ctx-rh-precentral,segmentation/roi_masks/2024_ctx-rh-precentral.nii.gz,14597
2025,ctx-rh-precuneus,segmentation/roi_masks/2025_ctx-rh-precuneus.nii.gz,10978
2026,ctx-rh-rostralanteriorcingulate,segmentation/roi_masks/2026_ctx-rh-rostralanteriorcingulate.nii.gz,2689
2027,ctx-rh-rostralmiddlefrontal,segmentation/roi_masks/2027_ctx-rh-rostralmiddlefrontal.nii.gz,15776
2028,ctx-rh-superiorfrontal,segmentation/roi_masks/2028_ctx-rh-superiorfrontal.nii.gz,22320
2029,ctx-rh-superiorparietal,segmentation/roi_masks/2029_ctx-rh-superiorparietal.nii.gz,9812
2030,ctx-rh-superiortemporal,segmentation/roi_masks/2030_ctx-rh-superiortemporal.nii.gz,12588
2031,ctx-rh-supramarginal,segmentation/roi_masks/2031_ctx-rh-supramarginal.nii.gz,9976
2032,ctx-rh-frontalpole,segmentation/roi_masks/2032_ctx-rh-frontalpole.nii.gz,1533
2033,ctx-rh-temporalpole,segmentation/roi_masks/2033_ctx-rh-temporalpole.nii.gz,3822
2035,ctx-rh-insula,segmentation/roi_masks/2035_ctx-rh-insula.nii.gz,7541
